part_number,part_id
STC02SYAN,63sta29nc6kfd8myykvmjmjps4
CL21A106KAYNNNG,akfhx36w3wkxgaz72naak4tw68
SP6205EM5-L-3-3,2tnrymc31rktyahff46kt64t9r
GJM1555C1H5R6BB01D,dvvhacaf4ggpj9vnxcgz782t5b
RK73H1ERTTP5603F,5wtb81kft8g3p957thsygn2v0p
KMR231NGLFS,5ahdstsgs0jmhazkejxresjmj3
RCUCTE,fntwv8sm38hncbf0vb7c51aqk2
WR04X4700FTL,26etgpz3degte9magspwhqya5n
VJ0603Y182KXACW1BC,4th3dsvahpjh8ar9b2wkz1075k
GJM1555C1H470JB01D,5f9cty2eecg0jbgmtpt3fr5psw
TMK105B7473KV-F,58be5h9m4thjpbf8wjq8kh34k5
CC0603KRX7R7BB104,awfvbjx5f2gm69s6sf6d3hnv37
LTST-C193TBKT-5A,a83nh6gfr8gnc9st1mg1ff3cv5
DPX252690DT-5072A1,ajpxh5yr44hrd83axme7djpje9
RC0402FR-071ML,4hsf293m4pjhwacbbjec6yenph
RC0402JR-0720KL,cb1f6hzhtwh5dapqw098hnnr46
0402HM-9N5EGTS,6kjhxsrjktkmm9pqm72b7j4wz3
PFR05S-471-FNH,5dmgt6krpaj8v8pepjf43wbnjb
CIGT201610LH2R2MNE,3rc7f7tfpjgja9d301h41agrff
TPS61091RSAR,dvy7f18d7gjfz86xrxyrxee0xw
06035A220JAT2A,da0b6hc0w0j3v9tkv1517a5f91
CRGCQ0603J2K2,67kpczx5srksmaaagwmqwb8csy
0402N221J250CT,5sc8gwawntgnn9cfay1kjg3wfy
RC0603FR-07470RL,fmys8dsmhgjwt9v0tpwakgktve
RMC16K121FTP,6ze4avg9v8jqd83jk5745a8mv0
LP T67F-P1R2-35-1-20-R18-Z,73pd6bhm6rkvj85eszn6s3mmkz
WR06X2002FTL,dqe8swph6rkz59dv37798tzz7n
BMP280,3ehpgmjenjhbhavwz1d4bsyt2m
RMCF0402FT249K,3vez5b6bmgknp9yffhhtdzwaah
ATSAMD21G18A-MUT,52c36979zwhs29ejadgpdc6jee
SJ-3523-SMT-TR,3zenkn59tmgjba2xfrn4b7sngf
RMCF0603FT4K30,dg1qbyhjtjgah8x3fqhk2fz673
TPS62233DRYT,0qqysxg7cjgmma7ffvt472n433
203615-0003,050qn4y26rjf8bzb35hya24kt1
BMP390,1w564z0nkchm0a845qf9c8a0h8
885012005028,e1h0gszsrpjmtas1vjxvn6g2e5
0908-3-15-20-75-14-11-0,ez40ve4c5ch7d8r9ynpyh06x3v
MCR03ERTJ304,d47bepjnnrg5t87bj876gjna5w
885382206004,e1mw3r4r8jgz0a6f1yyy7mvk29
RC0402JR-07110KL,85tk8tzyegh2rag43pv0hzqx4a
JS202011JCQN,fhrhx94gechk18brs68j9y45mf
CONSMA003.062,f94jdk9da2g4f88xq3m475bpsw
RC0402JR-0768KL,26vqvkm2begv9bf49jc4k9vvgs
CL10A225KP8NNNC,aytessv7hyjevaqt67w5mz0kqc
LBM2016T150J,djvjb76bw4k3w8mv0xcb44evby
LQW15AN2N7C00D,17ca42zv2thpgb0be7dtyjr194
GJM1555C1H4R0BB01D,cw31qh93qwh3gan1e9qbwtd9g1
SPX3819M5-L-3-3/TR,2nvzvwqq0chpk8brkxqqh0rk1q
C0805C101J5GACTU,8vzeys741ggnmb3hap6c6scmpj
CL10B104KB8NNNC,6gdpn01sv8j2p8qr6xxcqmp33r
ZOE-M8Q-0,cfe8qtcw5cgrkajfzzn1bf3ed6
MX25R8035FZUIL0,4s2bvanprtgrbbdbnp57x5qgxq
C1220X7R1E104M085AC,egqsw7ybb0gtm8cvr5n72r5dmm
MCP73831T-2ACI/MC,9qrt92yj5mjbwb3j5n4d1jghmh
RC0402FR-07120RL,5fwv6ksm5jhbr996a5ph8f9zm8
RR0816P-102-D,8nq0ma6s1wgja829xw2tfa300h
GJM1555C1H3R3BB01D,3aq7j4006gk48bg59cetgmayas
885012206067,8y236xdka2h6785e8wrgcap0e5
WR06X6802FTL,bz1t19d8m2jrra9j6jzeh5qvpe
PFR05S-102-FNH,962ew328srk3bbv0rw5azrt2k1
WR483245-15F5-G,dqdhaj0hajkhrb23yd863gnk2z
0603X474K250CT,22gmpt5xmyh9tbkh5cyeqpyb5b
CL21A106KOQNNNF,6j8k7krts2gj2bmg8b54nf98kt
GJM1555C1H3R0BB01D,e2dyrgsmmmk5y9m9v0krasz1xn
LTC2954CDDB-1#TRMPBF,4wzj5c72qgkezarcedps8vmyw7
0402ZC103JAT2A,812vrd0pntkfb8e52g8c4yypa0
C0603C829D8HAC7867,44rygfp4rekbs808ywxgjgnaxa
EMK105ABJ474MV-F,22cc282tgrgew9qj2ep1k2kqb1
BQ51013BRHLR,52fr0nxg0gk9saefc1sdwebyy8
RMCF0603FT82K0,baq5t23r2wkyray2840rm0625z
C0402C223K5REC7411,3y51d4n4kyhyx9033j4nemn5my
885012006020,ff0s618yc6h70aa20kfxpttapx
ESR03EZPJ102,c2nv5qrcdagcw83dsktdcs3era
CR0603-FX-1501ELF,3y75p2gvh6hj685jsqrjd6dp01
APT2012LSECK/J4-PRV,fgbh53p3rcj0s8a5yd9bv5hvke
CR0603-JW-104ELF,bk9wm5j5xmks78rb9mrqpjdyax
USBLC6-2SC6,3cdab8ndt0j63apsz5cv7hhhgq
0402HM-4N7EJTS,0mkdemqshpkqrbj8g3a5cvbqae
RC0402FR-07100KL,0350jsjdqpg2c8n0ebg1mm99qq
AO3423,51fbkbqd6pgy6aq3kvq7grmmx3
RC0805FR-07100KL,dz5vr941a2ha7b5rz3gcj4ktbp
C0603C473K4RECAUTO,b5k98tpznyjp98586h07fc3x2t
CL21B104JBCNNNC,ekva04jrdegx5bv1b2phqgn9bw
RR0816P-104-D,0eeen0d44ch2t8fdbbz99m41d2
0402B103J250CT,cs0xn9gbd6gxn8gc0k5k3a6773
0603B103J250CT,0dsffwghvcg2mbegjb5aab1pwr
RC0402FR-0710KL,0egfm2yghpjhk9wmfq6nh7wdd4
RMC16K181FTP,2mz4k4g4prj07b45g65jpta3pk
JS102011SAQN,ew82zpdzygh8k88s5pwc0tt5sk
GRM188R60J106ME470,9h6ccabxv8kye97dy7grjhfk4v
GJM1555C1H3R9BB01J,2mz0kex2pajkram3nqne3fvc9n
RMCF0603FT1M87,56wpwr3ybejq096xa2kessv42c
503182-1852,675sntzhrah9baz9bn7wcf0pdc
RC0402JR-0782KL,7t8d8x0g0jj2ha7dhadgy2f26a
EMK105B7223KV-F,9vczw6dnqwhq48qn971pk7h4zm
S2B-PH-SM4-TB(LF)(SN),b1qdtx86zakj48gt2baavv1vff
LTST-C193KRKT-5A,35ykhvnem6jzvbvn489be5h9y1
SAM-M8Q-0-10,cm46qzg2ytg3t9vdvmw5f4rvsx
RC0402JR-075K1L,2pkfpt4bsgj4a9k4stmbec54ha
RC0402FR-071K5L,9khxehahnekby9nn2ag6bg9kjy
RMCF0402FT1K00,bq796rx77pgz7ajs8zttvdyfrf
RC0402FR-07470RL,bdj2129gxtgetaes7akb8sq5yf
C1005X5R1E474K050BB,en46xc3b9cg878zngcd4ptzqwg
LM3670MFX-ADJ/NOPB,1rw5cb27z0k0c8bjasfe6fdtmr
RC0402FR-07330RL,dss6fbetq6kx8bdnh0j1xwb2vn
UCC284DP-ADJ,2v84cqc6tjjj09qz16w61r4z7a
ERJ-2RKF3300X,9rqtk170s4gyzbmscak499yewc
C0603C103J5RACTU,0dykfgpefmkz8a8v9as9xtccmz
CL05B104KO5NNNC,84jkk9p6aekm7a42nprtbt5vb9
LM3671MF-3.3/NOPB,0r4fa6zb0ykh4ar3ywv4h042va
RMCF0402ZT0R00,b6z681msqyh17b6cs9v0x7d004
RMCF0402FT330R,8eg0t88t2tk8b89qg951k5jtx1
1702473,30ca98vr8cg28ah2zpebexaaj8
RC0402FR-0713RL,5dkyme6pe0jb3bjh2z5k434nt3
Q62702P5179,7eqn0xfp7ghgfbpgdgxvhdk58h
RC0603FR-072KL,98574wgn04kgp90h11jdb1px7s
ESR03EZPF10R0,84g50z83vtgjw8knxhwxsbbgzj
DMP2045U-7,5j6fs992h4jfmaycgyryhzjtj6
CL10B105KP8NFNC,5p42bqk15jhsrajvevt8w3pn5d
BMA456,e1s8t9f85cgdxacknswxr94w29
UMK105CG8R2DV-F,esz3n3eyg0kncany6652nsepjr
DF2B6M4BSL,L3F,efw49mx9q8ja5b50v6v5pjgd2a
ATSAMD21E18A-MU,4dcdsxqvx8gptby9fhrfhvs1rf
CL10A105KP8NNNC,5fx1sjst1tg5bb69mnsm6pyzwx
885012006050,a5ayagdwscj79ar2sga5nzz45e
04025A6R8CAT2A,674bae55bcg7a87e3s3h81z8dn
RC0402JR-071K5L,566w8wmq96kgp99abb73zraaav
RC0402JR-07180RL,5trajw6qywg03baqm3b6d3ypqr
BMA423,ejm7fd2zhch6c8sgkcd2h858d5
BK1005HS102-T,daw6rvnz9rh6yb8an09nr7bxs6
LTST-C193KFKT-5A,d7e0s4vxntjbk9cf90z6ynf8s9
NXV90EPR,eyz60mjcvyjq684ea1vm2aarkb
PAM8304AYR,ba6hz9n1egj6zb711jgeg85fad
CR0603-JW-331ELF,1p6mg8beywjhw8yzm1w32nfs7t
RC0402FR-0716RL,2m8pmfbk68jnfapzp9wj5xvgm4
CL10A475K08NNNC,66gh7z16qrk0nanmdb1wxktmvd
0402N150J250CT,3v9dgwsvzggx0bpbc0dfhavn9g
CC0402JRX7R7BB473,7dv8sn2kkmktda6qwegfhvyc4w
DW-02-07-T-S-200,3nxbe8gh1thjf9tpfxm6ehtz9r
CC0603JRX7R8BB104,24vs7x6ezrk8m8mvn44redvn2g
CR0603-JW-160ELF,d7qv3sv5ywggq86mmyecapsm0x
RMCF0402FT10K0,bxhrc0vc4ageqa2pf6319ef3dx
TPS2116DRLR,2cfvbzybmjk6c9f9wmtax51ehm
RC0603FR-07340KL,cbr9734gn8k7h93nckfxgg4pzp
SP6205EM5-L-3-3/TR,8h5wxd6q5rhyf9a86yg3wdyfva
RC0603FR-0710KL,c1jba9ycnrkd89c8fpbs0dm1t2
BMA253,5yrhy62zp8hdm99ww5r7ha990w
RMCF0402FT2K20,45csbrzwz2kb38k4p7ms8sfvg2
MBR120VLSFT3G,7m0n9wrxvmkg187hxp286zyy25
WR06X4700FTL,1tsd5r0dayjmf84qxd7c2s08eb
ZOE-M8B-0,799wwtbkpgh469hgsg1q20gnh2
BQ51013BQWRHLRQ1,38f5nxx9bjh64achvgzmkxxyrt
RC0402FR-07300KL,3emqwhhetrjz7aqy8pek41e599
MCR03ERTJ432,9a0qjscg90gz0b766mj25ncvjg
CC0603JRNPO9BN200,354rz61kd4jyrb1mf4sn4rz2nw
C0805C225K8RACTU,8sbtywr9vpkjyagzvhdwxddsg9
RNCP0603FTD10K0,9z6bhh7jmjk44bfhrt1j42f3z9
EBBA-02-C-SS-BU,20k7t64tgyg5h84qxncgxe1ytm
RMCF0603JT560K,97g18nxb08gnjac36n8cbd9xyh
SX1262IMLTRT,9hz7bsnw32ktnagzv1mztf3e8e
GRM188R61C106MA73D,azh794b3rcj4m92a9sfhq0b1a8
LQW15AN8N2G00D,03ftkwabtgggr8e4ntsw9fbwcq
USB4105-GF-A,5hrp31vb8eh85a7xs0q7s7mnmc
RMCF0603JT110K,63yg4d2v6tk0qbyb8x29ey3p5a
SBA130CS_R1_00001,8ftn9syyxahzh9y72k0eegdys6
10118194-0001LF,cwcr5bg7t8h1b8eq7nesk7a1fx
JE2835BWT-P-H30GA0000-N0000001,2ww9zrz8zakneb4qqspbbstan5
GCM155R71H182KA37D,4kh5512vbcgv59kye0th4xzkyh
CL10A475KP8NNNC,5m5h7b5vd0hqr8w4d91dc0ckss
RC0402FR-074K3L,ezyghy0cawjfrb3yq8cpmf246y
FC-135 32.7680KA-A5,8d1hvvnfjah6r8tv5bhpxxtf95
VLS6045EX-6R8M,f2cbnk04z6knvarxb5xskp139r
BMP388,8g5frp88v6g1m8ybxa9yqjwa4q
BH-105A-1,6jq3d6jyjjj7sb7h6y04y9n2ez
B1591IRP-20C000252U1930,edzscw2tm2k518m6efjwybkm6k
ECS-320-10-36B2-CKM-TR,dspb3frb2pg2xbtbfqy1c01y0m
LTST-C193KGKT-5A,849r77vm7ggbd9pn0k1tftf60w
F930J107KAA,19d5sxxsmgkymaexa0qc34nkep
CC0402KRX7R9BB472,0sp07t6xbakstbecakax3ykmnv
RMC16K130FTP,fmf4bhqvn4heh8j4tvt0tqt6bs